{"noiseKey":{"private":{"type":"Buffer","data":"ABTaFFKXGkJ9VtuLoZt4fIcRf37kp9rqqdX9giWTUkY="},"public":{"type":"Buffer","data":"JwzCd0b9IjBxldAp+5DDhZEDpiJGH0qMjG4BDlrz+Vk="}},"pairingEphemeralKeyPair":{"private":{"type":"Buffer","data":"MM39aqA8QauERTuWvminG4SbsayIzj186Oid2wB1zUo="},"public":{"type":"Buffer","data":"qoDk9F3EKydWb3pYI+vnRcZjOw7oqvnd4/qfMecEvGw="}},"signedIdentityKey":{"private":{"type":"Buffer","data":"qIjb2FxJeR5EUdwi5gXBYZgzbZ5zbDFakbtntLB0rkY="},"public":{"type":"Buffer","data":"ty8aOMTEKjo7eTXxbyOj97tkWrQVpe4+szMojWcvxX0="}},"signedPreKey":{"keyPair":{"private":{"type":"Buffer","data":"0NLrFxt72eUxdAap90bPUO9rx0+h1X0lqPfNGw7de10="},"public":{"type":"Buffer","data":"41xSq3w1c+B24xSpMjrSlKKVvWm8U42psLMpzPuMqV4="}},"signature":{"type":"Buffer","data":"9JAsvR1zunhOcAyJ1USevKUHmxhoR1yldNKNAQ/x2Z6uGBLLKWSJfeBXLAlFJjz9R9TQNgAZ2ys6n6j7boYqig=="},"keyId":1},"registrationId":48,"advSecretKey":"3JLPoG7szNALw7rArjz2QPbnLVVTa/qVPsj8wIA3Cv8=","processedHistoryMessages":[],"nextPreKeyId":813,"firstUnuploadedPreKeyId":813,"accountSyncCounter":0,"accountSettings":{"unarchiveChats":false},"registered":false,"account":{"details":"COzIwK8EEMPs98wGGAMgACgA","accountSignatureKey":"RDt38f+L/D8HjrN9qNfSlbW8/KmRyzuJzU7f6lXLshA=","accountSignature":"lvG0qr42xBYnlC9SaYQHcp8L4egw+W4bbN3mvRiGqBoPpMqzBZXd1uqWlwFWHbDDSDwtO+SGvDDtcd/CjyTDBw==","deviceSignature":"ebDuRiOgUIweYTuXSY3FMDtvWAY2E0xNvYB2yL8MCNXZAfqpRvSc7r2UzDOnJBReYFhnU/AkE7lByG6D9yKFjw=="},"me":{"id":"919392044391:3@s.whatsapp.net","name":"School Admissions Assistant","lid":"169145056399467:3@lid"},"signalIdentities":[{"identifier":{"name":"169145056399467:3@lid","deviceId":0},"identifierKey":{"type":"Buffer","data":"BUQ7d/H/i/w/B46zfajX0pW1vPypkcs7ic1O3+pVy7IQ"}}],"platform":"smba","routingInfo":{"type":"Buffer","data":"CAUIDQgS"},"lastAccountSyncTimestamp":1771959879,"lastPropHash":"4ZRP6S"}